term,category,definition,related,source,keywords
CMP,반도체 공정,"웨이퍼 표면을 평탄화하기 위해 화학적 반응과 기계적 연마를 동시에 사용하는 공정.","평탄화;CVD;식각","반도체 제조 공정 개론","CMP Chemical Mechanical Polishing 평탄화 연마"
CVD,반도체 공정,"기체 상태의 선구물질을 기판 표면에서 화학반응시켜 박막을 형성하는 공정.","ALD;PVD;증착","KS B XXXX","CVD Chemical Vapor Deposition 증착 박막"
ALD,반도체 공정,"기판에 화학전구체를 순차적으로 공급하여 원자층 단위로 박막을 형성하는 증착 공정.","CVD;증착","반도체 재료공학","ALD Atomic Layer Deposition 증착 박막"
Etching,반도체 공정,"웨이퍼 표면의 특정 영역을 선택적으로 제거하여 패턴을 형성하는 공정.","Dry Etch;Wet Etch","반도체 공정 기본","식각 Dry Etch Wet Etch 패턴"
Dry Etching,반도체 공정,"플라즈마 또는 이온을 이용해 재료를 제거하는 식각 공정.","RIE;ICP","KS B XXXX","Dry Etching 플라즈마 식각"
Wet Etching,반도체 공정,"화학용액을 사용하여 재료를 제거하는 습식 식각 공정.","HF;세정","반도체 공정","Wet Etching 습식식각 화학용액"
RIE,반도체 공정,"이온 충돌과 화학반응을 동시에 이용해 식각하는 공정.","ICP;Dry Etch","플라즈마 공학","RIE Reactive Ion Etching 플라즈마"
ICP,반도체 공정,"고밀도 플라즈마를 통해 고종횡비 식각을 가능하게 하는 기술.","RIE;Dry Etch","ICP 기술자료","ICP Inductively Coupled Plasma 플라즈마"
PR Coating,반도체 공정,"웨이퍼에 포토레지스트를 균일하게 도포하는 공정.","Spin Coating;PR Bake","포토공정","PR 포토레지스트 Spin Coating"
Lithography,반도체 공정,"포토레지스트에 빛을 노광해 패턴을 형성하는 공정.","DUV;EUV","노광 공정","Lithography 노광 EUV DUV"
EUV,반도체 공정,"13.5nm 극자외선을 사용하여 미세패턴을 형성하는 노광 공정.","Lithography","EUV 백서","EUV Extreme Ultraviolet Lithography"
DUV,반도체 공정,"248nm 또는 193nm 심자외선을 사용하는 노광 공정.","Lithography","광학공정","DUV Deep UV Lithography"
Baking,반도체 공정,"PR 도포 후 용매 증발 또는 패턴 안정화를 위한 열처리 공정.","PR Coating","포토공정","Soft Bake Hard Bake PR"
Diffusion,반도체 공정,"고온에서 불순물이 실리콘 내부로 확산되는 공정.","Ion Implantation","반도체 재료","확산 Diffusion 도핑"
Ion Implantation,반도체 공정,"이온화된 불순물을 고에너지로 웨이퍼에 주입하는 공정.","Diffusion","반도체 소자","이온주입 Ion Implantation 도핑"
Annealing,반도체 공정,"열처리를 통해 결함 회복 및 도핑 활성화를 수행하는 공정.","Diffusion;Implantation","반도체 공정","어닐링 Annealing 열처리"
Sputtering,PVD 공정,"타겟 금속을 이온으로 때려 박막을 증착하는 물리적 증착 공정.","PVD;CVD","박막기술","Sputter PVD 박막"
Evaporation,PVD 공정,"물질을 증발시키고 기판에 응결시켜 박막을 형성하는 공정.","PVD;Sputtering","PVD 기술","Evaporation 금속 증발 박막"
PVD,박막 공정,"물리적 원리로 박막을 증착하는 공정.","Sputtering;Evaporation","박막기술","PVD Physical Vapor Deposition 박막"
Dicing,반도체 후공정,"웨이퍼를 칩 단위 크기로 절단하는 공정.","Sawing;Package","후공정 기술","Dicing 웨이퍼 절단 Saw"
Wire Bonding,반도체 후공정,"칩과 패키지를 금선/동선으로 연결하는 공정.","Package;Bonder","후공정 기술","와이어 본딩 Wire Bond"
Molding,반도체 패키징,"칩을 보호하기 위해 에폭시로 패키지를 형성하는 공정.","Package","패키징 기술","Molding 에폭시 패키지"
Underfill,반도체 패키징,"칩과 기판 사이에 에폭시를 채워 열/응력 분산을 돕는 공정.","Flip Chip","패키징","언더필 underfill FLIP CHIP"
Reflow,SMT 공정,"납땜 페이스트를 녹여 부품을 PCB에 접합하는 공정.","SMT;Pick and Place","전자패키징","Reflow 리플로우 솔더링"
Pick and Place,SMT 공정,"칩/부품을 PCB 위치에 자동 배치하는 공정.","SMT;Reflow","SMT 기술","Pick and Place 자동장착기"
Stencil Printing,SMT 공정,"솔더페이스트를 PCB 패드에 인쇄하는 공정.","SMT;Reflow","전자공정","Stencil 솔더페이스트 인쇄"
AOI,품질검사,"카메라 기반 자동광학검사로 PCB 결함을 검사하는 장비.","SPI;X-Ray 검사","품질","AOI 자동광학검사 PCB 결함"
SPI,품질검사,"솔더페이스트 인쇄 두께 및 품질을 검사하는 장비.","AOI","품질","SPI Paste Inspection"
X-ray Inspection,품질검사,"X-ray 촬영으로 납땜 내부 결함 등을 검사하는 기법.","AOI","비파괴검사","X-ray 검사 NDT 전자"
Chiller,설비,"장비 냉각수를 일정 온도로 유지하는 냉각장치.","Cooling System","설비엔지니어링","Chiller 냉각"
Scrubber,설비,"반응 부산물 및 유해가스를 제거하는 배기 정화 장치.","배기;필터","환경안전","Scrubber 배기가스 정화"
MFC,설비,"기체 유량을 정밀하게 제어하는 Mass Flow Controller.","Gas Line","장비 매뉴얼","MFC Mass Flow Controller"
Loadport,반도체 장비,"FOUP/Cassette를 장비에 로딩하는 인터페이스.","EFEM","장비 매뉴얼","Loadport FOUP EFEM Cassette"
EFEM,반도체 장비,"웨이퍼 자동 이송을 위한 장비의 프런트엔드 모듈.","Loadport;Robot Arm","반도체 장비","EFEM Equipment Front End Module"
Robot Arm,FA 시스템,"웨이퍼 또는 물류를 자동 이송하는 로봇 장치.","EFEM;AMHS","FAB 자동화","Robot Arm 이송 로봇"
OHT,FA 시스템,"상부 레일을 따라 FOUP을 운반하는 자동 물류 시스템.","AMHS","FAB 자동화","OHT Overhead Hoist Transport"
AMHS,FA 시스템,"FAB 내부 물류 자동화를 위한 시스템.","OHT","공장자동화","AMHS Auto Material Handling"
MES,스마트팩토리,"생산계획/작업지시/품질관리를 담당하는 제조실행시스템.","ERP;PLC","스마트팩토리","MES Manufacturing Execution System"
PLC,스마트팩토리,"장비 및 공정을 제어하는 산업용 제어 장치.","MES","제어공학","PLC Programmable Logic Controller"
SCADA,스마트팩토리,"공정 실시간 모니터링 및 제어 시스템.","PLC;DCS","산업제어","SCADA Supervisory Control"
DCS,스마트팩토리,"분산 제어 시스템으로 대규모 공정 제어를 수행.","PLC;SCADA","공정제어","DCS Distributed Control System"
Digital Twin,스마트팩토리,"현실 공정을 디지털 모델로 구성하여 시뮬레이션하는 기술.","Simulation","스마트팩토리","디지털 트윈 Digital Twin 모델링"
Sensor Fusion,스마트팩토리,"여러 센서 데이터를 결합해 공정상태를 추정하는 기술.","AI;Condition Monitoring","스마트팩토리","Sensor Fusion 센서통합"
Predictive Maintenance,스마트팩토리,"장비 고장을 사전에 예측하여 유지보수하는 기법.","Condition Monitoring","스마트팩토리","Predictive Maintenance 예지보전"
SPC,품질,"통계적 품질관리로 공정 이상 여부를 판단하는 기법.","Control Chart","품질","SPC Statistical Process Control"
Control Chart,품질,"공정 변동을 감시하는 관리도.","SPC","품질","Control Chart 관리도"
FMEA,품질,"고장 형태 및 영향을 분석하여 위험을 평가하는 방법.","FTA;Risk Analysis","품질엔지니어링","FMEA 고장 형태 영향 분석"
FTA,품질,"시스템 고장을 논리적으로 분석하는 기법.","FMEA;Risk Analysis","위해분석","FTA Fault Tree Analysis"
DOE,품질,"실험계획법으로 공정 변수의 영향 분석.","SPC","품질관리","DOE Design of Experiments"
MQR,품질,"품질 신뢰성 관리 지표.","Reliability","품질","MQR Manufacturing Quality Reliability"
OEE,생산성,"가동률·성능·품질을 종합한 설비종합효율.","TPM","생산관리","OEE Overall Equipment Effectiveness"
TPM,생산성,"Total Productive Maintenance. 생산성 향상 위한 전사적 보전.","OEE","설비관리","TPM 설비종합보전"
Kaizen,생산성,"작은 단위의 지속적 개선 활동.","Lean","생산혁신","Kaizen 개선 Lean"
Lean,생산성,"낭비를 제거하여 효율을 극대화하는 생산 방식.","Kaizen","제조혁신","Lean 생산방식 낭비제거"
JIT,생산성,"필요한 시점에 필요한 만큼 생산하는 Just-In-Time 방식.","Lean","생산혁신","JIT 적시생산"
Kanban,생산성,"시각적 생산·재고 관리 방식.","Lean;JIT","제조혁신","Kanban 칸반 보드"
AGV,스마트 물류,"자동 유도차로 물류를 이송하는 장치.","AMR","물류자동화","AGV Automated Guided Vehicle"
AMR,스마트 물류,"센서 기반 자율주행 로봇으로 유연한 물류 자동화 제공.","AGV","스마트물류","AMR Autonomous Mobile Robot"
